"","file","Specificity"
"1","file1",0.0959814975426424
"2","file2",0.079032495221291
"3","file3",0.0914475138121547
"4","file4",0.0905774111675127
"5","file5",0.0869808951475469
"6","file6",0.0947348267279341
"7","file7",0.0951342867108476
"8","file8",0.0901691815272062
"9","file9",0.10354000409249
"10","file10",0.0664921105216013
"11","file11",0.119074903635795
"12","file12",0.140193920089934
"13","file13",0.0923896406049103
"14","file14",0.113401755168823
"15","file15",0.11979810975308
"16","file16",0.104694616372767
"17","file17",0.089501051001217
"18","file18",0.0994715912186087
"19","file19",0.0731872983528613
"20","file20",0.123879258816497
"21","file21",0.107683031003467
"22","file22",0.117212626563431
"23","file23",0.118667753580995
"24","file24",0.111121289849762
"25","file25",0.087406730622811
"26","file26",0.0994261623140883
"27","file27",0.0740206464409683
"28","file28",0.0722097627156187
"29","file29",0.0642850826775135
"30","file30",0.0847246737463468
"31","file31",0.0838025055268976
"32","file32",0.0890773405698779
"33","file33",0.109617459132022
"34","file34",0.0850084766287237
"35","file35",0.101251676352257
"36","file36",0.105830886318691
"37","file37",0.112987101850902
"38","file38",0.0903229455347548
"39","file39",0.117386860284788
"40","file40",0.0996484792908452
"41","file41",0.103386342376052
"42","file42",0.0989648923426606
"43","file43",0.0911715996432969
"44","file44",0.0927179487179487
"45","file45",0.0927942429694158
"46","file46",0.09300064808814
"47","file47",0.0997868371969091
"48","file48",0.0697993269350617
"49","file49",0.074309033574476
"50","file50",0.0828905022079186
"51","file51",0.0794405594405594
"52","file52",0.0837045478089713
"53","file53",0.0787415730337079
"54","file54",0.0700927474532462
"55","file55",0.217252396166134
"56","file56",0.0728432108027007
"57","file57",0.0880823680823681
"58","file58",0.107014925373134
"59","file59",0.0928287369240079
"60","file60",0.090734920566582
"61","file61",0.0870119603192819
"62","file62",0.0833193549160097
"63","file63",0.0837215238338332
"64","file64",0.0971938301430961
"65","file65",0.0838396111786148
"66","file66",0.0730580185829292
"67","file67",0.0829930966469428
"68","file68",0.0873637564559669
"69","file69",0.0850227778137617
"70","file70",0.0945233869672359
"71","file71",0.109285201149425
"72","file72",0.0897480135785429
"73","file73",0.10019295643385
"74","file74",0.0810700261780105
"75","file75",0.0802754151478331
"76","file76",0.0865529814739789
"77","file77",0.109532220925464
"78","file78",0.104354326975676
"79","file79",0.0914854498193115
"80","file80",0.098174521607204
"81","file81",0.0972663405133437
"82","file82",0.104374095821632
"83","file83",0.104094140720765
"84","file84",0.0974490120083868
"85","file85",0.106678364193255
"86","file86",0.0877824147359332
"87","file87",0.10256891055691
"88","file88",0.0834207214765101
"89","file89",0.0838071909719185
"90","file90",0.0998114788437369
"91","file91",0.0977683315621679
"92","file92",0.0956973293768546
"93","file93",0.117341977309562
"94","file94",0.104046242774566
"95","file95",0.0912735533876787
"96","file96",0.119747899159664
"97","file97",0.0992201928996511
"98","file98",0.103098754706053
"99","file99",0.093862080208673
"100","file100",0.0934615884570389
"101","file101",0.104999079359234
"102","file102",0.0986881083368599
"103","file103",0.0888345174798852
"104","file104",0.091050485518517
"105","file105",0.103619693992975
"106","file106",0.109622096781144
"107","file107",0.12126339537507
"108","file108",0.1021620655767
"109","file109",0.0811694402015167
"110","file110",0.0786999182338512
"111","file111",0.0857510602831642
"112","file112",0.118479221927498
"113","file113",0.0963746394434704
"114","file114",0.0692761141240274
"115","file115",0.0843230403800475
"116","file116",0.0738272572847249
"117","file117",0.0866719555731852
"118","file118",0.0871936586430078
"119","file119",0.0868321037335122
"120","file120",0.0874748413067038
"121","file121",0.0958438231526876
"122","file122",0.0900671553351183
"123","file123",0.085406231428814
"124","file124",0.0813307921776599
"125","file125",0.0988383062451147
"126","file126",0.0812597976343167
"127","file127",0.0790435225012719
"128","file128",0.0802916274694262
"129","file129",0.1000659825715
"130","file130",0.0563274903805045
"131","file131",0.0992697282984501
"132","file132",0.0709190591286919
"133","file133",0.0667545949625596
"134","file134",0.0691372665283131
"135","file135",0.110571850601393
"136","file136",0.0835406234857051
"137","file137",0.0821339330334833
"138","file138",0.071449910376419
"139","file139",0.0747561148027711
"140","file140",0.125665722379603
"141","file141",0.117138032925285
"142","file142",0.105317884729649
"143","file143",0.116028433845448
"144","file144",0.102587729401828
"145","file145",0.119927159209157
"146","file146",0.0850306224184589
"147","file147",0.0909480093231223
"148","file148",0.0852863473666269
"149","file149",0.10053574161947
"150","file150",0.0761630003606203
"151","file151",0.0893455562633284
"152","file152",0.0894986418673173
"153","file153",0.0604781409345482
"154","file154",0.0918849658314351
"155","file155",0.102140202486223
"156","file156",0.108546968780533
"157","file157",0.11169949869378
"158","file158",0.101166059823939
"159","file159",0.0756939961265332
"160","file160",0.0880538418395962
"161","file161",0.0919794580602063
"162","file162",0.0860709592641262
"163","file163",0.0935251798561151
"164","file164",0.0946716536881476
"165","file165",0.114246854811289
"166","file166",0.119071644803229
"167","file167",0.102080413926916
"168","file168",0.0964023057046313
"169","file169",0.0713441346220708
"170","file170",0.0760781534723628
"171","file171",0.0749378109452736
"172","file172",0.0763649555595864
"173","file173",0.0714975128071869
"174","file174",0.0744592496298704
"175","file175",0.0849491757068421
"176","file176",0.0665478677645324
"177","file177",0.118768468210847
"178","file178",0.0840734795790976
"179","file179",0.116951809927465
"180","file180",0.115550030239903
"181","file181",0.0809940330892324
"182","file182",0.109908380204464
"183","file183",0.093492413178544
"184","file184",0.0924912280701754
"185","file185",0.0756686838822932
"186","file186",0.0772412064499958
"187","file187",0.105018226944854
"188","file188",0.0896704106057816
"189","file189",0.100943970767357
"190","file190",0.121313469139556
"191","file191",0.063618501407254
"192","file192",0.0898928378690926
"193","file193",0.0839480048367594
"194","file194",0.0600557403578171
"195","file195",0.0703076556165037
"196","file196",0.10681472997535
"197","file197",0.113848136399683
"198","file198",0.11343208636706
"199","file199",0.116912533395284
"200","file200",0.124452714535902
"201","file201",0.113256432208354
"202","file202",0.104629325320438
"203","file203",0.0927258193445244
"204","file204",0.083005366726297
"205","file205",0.178861788617886
"206","file206",0.103143821145902
"207","file207",0.101586851799377
"208","file208",0.103405142460042
"209","file209",0.102756815968841
"210","file210",0.0956443955136586
"211","file211",0.0862363898015151
"212","file212",0.0996090695856138
"213","file213",0.10074823171801
"214","file214",0.0972524279903711
"215","file215",0.0984518893133986
"216","file216",0.0596239251629973
"217","file217",0.0687103594080338
"218","file218",0.0961166988609871
"219","file219",0.101740524447498
"220","file220",0.0902819915051257
"221","file221",0.0942584143927004
"222","file222",0.0982999335169532
"223","file223",0.0940957474699806
"224","file224",0.0881624927198602
"225","file225",0.110435319543069
"226","file226",0.104279390063945
"227","file227",0.100080628905463
"228","file228",0.0755518990813109
"229","file229",0.138794567062818
"230","file230",0.0922534873687743
"231","file231",0.0951025056947608
"232","file232",0.108368313628837
"233","file233",0.127626307045832
"234","file234",0.115924836291164
"235","file235",0.113855573261763
"236","file236",0.127194419736904
"237","file237",0.10270858679644
"238","file238",0.105765175356065
"239","file239",0.0727087009007336
"240","file240",0.0866719555731852
"241","file241",0.0871936586430078
"242","file242",0.0868321037335122
"243","file243",0.0874748413067038
"244","file244",0.0958438231526876
"245","file245",0.0900671553351183
"246","file246",0.085406231428814
"247","file247",0.0813307921776599
"248","file248",0.0918550412630068
"249","file249",0.0781846136324811
"250","file250",0.0905203565405926
"251","file251",0.0847410302945693
"252","file252",0.0822057325767496
"253","file253",0.0934997644842204
"254","file254",0.104457720588235
"255","file255",0.085108604845447
"256","file256",0.119599352087534
"257","file257",0.100112170499159
"258","file258",0.100078678206137
"259","file259",0.0780623870511511
"260","file260",0.09761147300914
"261","file261",0.0813524696594588
"262","file262",0.0793353615726656
"263","file263",0.0796198977755381
"264","file264",0.0924657534246575
"265","file265",0.0988216472325631
"266","file266",0.0712885840274375
"267","file267",0.0600209549468642
"268","file268",0.111159216365408
"269","file269",0.0943922862217711
"270","file270",0.094994261499073
"271","file271",0.0814408372707413
"272","file272",0.122991401024928
"273","file273",0.123459167950693
"274","file274",0.0718144139543106
"275","file275",0.0830444374409077
"276","file276",0.085762976346912
"277","file277",0.0898870316690597
"278","file278",0.0844330961670874
"279","file279",0.0877473161210185
"280","file280",0.137313432835821
"281","file281",0.0872403560830861
"282","file282",0.104707435107787
"283","file283",0.0878331822302811
"284","file284",0.0926219404824793
"285","file285",0.0779169151262175
"286","file286",0.0922623850250121
"287","file287",0.0837371469093488
"288","file288",0.0991953568130853
"289","file289",0.0888278388278388
"290","file290",0.0916738914041679
"291","file291",0.0896916449865654
"292","file292",0.129411764705882
"293","file293",0.0929174788823912
"294","file294",0.0873489069168866
"295","file295",0.0860705228837097
"296","file296",0.0900564021065096
"297","file297",0.086506862555577
"298","file298",0.0830355794876956
"299","file299",0.0852214165596803
"300","file300",0.095296775518587
"301","file301",0.09721948333662
"302","file302",0.106095478506199
"303","file303",0.0993778469058993
"304","file304",0.0970422453367424
"305","file305",0.102073201945227
"306","file306",0.0906024474427361
"307","file307",0.0854667191807798
"308","file308",0.0940268648185196
"309","file309",0.0925215226636241
"310","file310",0.0917445517610582
"311","file311",0.0850888062783973
"312","file312",0.0906101571063208
"313","file313",0.090948395664124
"314","file314",0.110189075630252
"315","file315",0.0971760797342193
"316","file316",0.101878612716763
"317","file317",0.107930828861061
"318","file318",0.105755332015694
"319","file319",0.106971106853814
"320","file320",0.10076907230653
"321","file321",0.0931431944573896
"322","file322",0.0888333680338677
"323","file323",0.100415512465374
"324","file324",0.103906781583125
"325","file325",0.0998003992015968
"326","file326",0.104590324492899
"327","file327",0.0816714551292885
"328","file328",0.0775175644028103
"329","file329",0.0879985691289572
"330","file330",0.0827994485443192
"331","file331",0.0866804871728427
"332","file332",0.111250869774661
"333","file333",0.0945751320211234
"334","file334",0.10441097684386
"335","file335",0.0882700345266218
"336","file336",0.0898103459995921
"337","file337",0.0925704014379868
"338","file338",0.0929441768206291
"339","file339",0.107815736691546
"340","file340",0.123185648273987
"341","file341",0.113545622748077
"342","file342",0.107925801011804
"343","file343",0.0932224125275263
"344","file344",0.112747272243413
"345","file345",0.0970288502942443
"346","file346",0.097841857091041
"347","file347",0.121101312110131
"348","file348",0.0912237686594072
"349","file349",0.104024585332997
"350","file350",0.0944618031970294
"351","file351",0.0974278352766496
"352","file352",0.0935141302439881
"353","file353",0.0607614408409178
"354","file354",0.072120089109117
"355","file355",0.0809963183491659
"356","file356",0.0934878936540592
"357","file357",0.0842088098954087
"358","file358",0.0663202267606657
"359","file359",0.0901198337001712
"360","file360",0.0653982216273066
"361","file361",0.0814614935822637
"362","file362",0.0576017723622265
"363","file363",0.0617954638055141
"364","file364",0.0966472532661735
"365","file365",0.0841360770633981
"366","file366",0.0900952435431742
"367","file367",0.08678192019595
"368","file368",0.0875042829656572
"369","file369",0.0871115393880992
"370","file370",0.0828296281118738
"371","file371",0.0908197871593966
"372","file372",0.104041120170152
"373","file373",0.0777522595940139
"374","file374",0.0887367244270542
"375","file375",0.0857743422836995
"376","file376",0.0849434925264309
"377","file377",0.0810139331878462
"378","file378",0.0816149662303508
"379","file379",0.0894240156199154
"380","file380",0.106804238706079
"381","file381",0.102534113060429
"382","file382",0.0891568058346357
"383","file383",0.0892772567964384
"384","file384",0.0952333762758894
"385","file385",0.0884452073358027
"386","file386",0.0931854038373454
"387","file387",0.0944667015038031
"388","file388",0.0909411847772365
"389","file389",0.0974471188913202
"390","file390",0.105919003115265
"391","file391",0.125362442435613
"392","file392",0.13898847631242
"393","file393",0.154498772047332
"394","file394",0.166805301391893
"395","file395",0.111391912908243
"396","file396",0.115846544506211
"397","file397",0.109928116099281
"398","file398",0.110560815731974
"399","file399",0.108786610878661
"400","file400",0.110758237395792
"401","file401",0.0997375328083989
"402","file402",0.0894509561998766
"403","file403",0.0950694042799306
"404","file404",0.10963555421414
"405","file405",0.107445273787869
"406","file406",0.101986339012326
"407","file407",0.115746250892645
"408","file408",0.149008740140695
"409","file409",0.118880548302872
"410","file410",0.120372767279317
"411","file411",0.119900205459348
"412","file412",0.103246373040141
"413","file413",0.0903240290353962
"414","file414",0.0875488094888582
"415","file415",0.0696427063096545
"416","file416",0.13439699468889
"417","file417",0.0752174654613679
"418","file418",0.0907564226247901
"419","file419",0.0763104668801618
"420","file420",0.0832606800348736
"421","file421",0.104024724309897
"422","file422",0.0982609440589394
"423","file423",0.103842159916926
"424","file424",0.115127455077309
"425","file425",0.109495876902151
"426","file426",0.111447184737087
"427","file427",0.0987972508591065
"428","file428",0.0956005197698162
"429","file429",0.100578273440727
"430","file430",0.0942977710452283
"431","file431",0.106882801664355
"432","file432",0.112202627529885
"433","file433",0.0945649059126946
"434","file434",0.10293766419871
"435","file435",0.111367410961432
"436","file436",0.11319785363626
"437","file437",0.0960721868365181
"438","file438",0.0656755863891642
"439","file439",0.09148456996774
"440","file440",0.148260046592895
"441","file441",0.0730128539436144
"442","file442",0.0804481824989919
"443","file443",0.092374457532548
"444","file444",0.0756468438734013
"445","file445",0.0806972240154939
"446","file446",0.0640792237671301
"447","file447",0.161854967037963
"448","file448",0.135561911571922
"449","file449",0.0904400606980273
"450","file450",0.0659072416598861
"451","file451",0.0978806091554069
"452","file452",0.0864737674179198
"453","file453",0.0730434782608696
"454","file454",0.108082165482818
"455","file455",0.0936483066168495
"456","file456",0.114077911726612
"457","file457",0.107148893020112
"458","file458",NA
"459","file459",0.0943039470574332
"460","file460",0.0839377508626153
"461","file461",0.0814655696510355
"462","file462",0.0856762355726546
"463","file463",0.0998928611706327
"464","file464",0.0953624202621592
"465","file465",0.0988988944365193
"466","file466",0.0918765627858755
"467","file467",0.10228562165667
"468","file468",0.0779466096280452
"469","file469",0.0786680362951549
"470","file470",0.104169141228174
"471","file471",0.0950890916992612
"472","file472",0.0460293373798685
"473","file473",0.0762548262548263
"474","file474",0.0624092888243832
"475","file475",0.0509498823955129
"476","file476",0.150415721844293
"477","file477",0.0698561062599926
"478","file478",0.0863847583643123
"479","file479",0.0824541681079211
"480","file480",0.0792111804309536
"481","file481",0.0655785064278492
"482","file482",0.0998056335420973
"483","file483",0.0839281548868673
"484","file484",0.0956720820675384
"485","file485",0.102601023252964
"486","file486",0.101995866869698
"487","file487",0.0999543703102819
"488","file488",0.102736406810325
"489","file489",0.08991072133997
"490","file490",0.084439828894988
"491","file491",0.104753357677787
"492","file492",0.0946975587000466
"493","file493",0.0979221845040475
"494","file494",0.153303637713437
"495","file495",0.123745819397993
"496","file496",0.0827647207480414
"497","file497",0.0694822888283379
"498","file498",0.0799949290060852
"499","file499",0.0808002481389578
"500","file500",0.0988575780654989
"501","file501",0.117799018341514
"502","file502",0.116213512776212
"503","file503",0.116467065868263
"504","file504",0.118101433072467
"505","file505",0.0999398677089597
"506","file506",0.113568834598878
"507","file507",0.0683972163923561
"508","file508",0.104697812863983
"509","file509",0.098797958175531
"510","file510",0.101058279922492
"511","file511",0.083943661971831
"512","file512",0.0825517290756784
"513","file513",0.0657276995305164
"514","file514",0.0808749460354008
"515","file515",0.0782446093613043
"516","file516",0.107830271216098
"517","file517",0.100207958831201
"518","file518",0.0911102225776356
"519","file519",0.0990547197443749
"520","file520",0.0871279163314562
"521","file521",0.0854053550206231
"522","file522",0.080982947545873
"523","file523",0.0975965965012541
"524","file524",0.0764141384037671
"525","file525",0.0749945734751465
"526","file526",0.0733103601600711
"527","file527",0.106651760760201
"528","file528",0.0959131075110457
"529","file529",0.0937737281700835
"530","file530",0.0863140676117775
"531","file531",0.0836180713743356
"532","file532",0.0923130923130923
"533","file533",0.0817545553276216
"534","file534",0.0888283378746594
"535","file535",0.0833391841606403
"536","file536",0.0955801104972376
"537","file537",0.0997719946536677
"538","file538",0.118197924576057
"539","file539",0.0920847564412906
"540","file540",0.0950864209096445
"541","file541",0.071990785179497
"542","file542",0.139113633619128
"543","file543",0.156592546194801
"544","file544",0.13930246787681
"545","file545",0.140487523438627
"546","file546",0.11333465425005
"547","file547",0.107284873548592
"548","file548",0.132745024408562
"549","file549",0.0946933962264151
"550","file550",0.125873311597578
"551","file551",0.102483585498144
"552","file552",0.098217260913029
"553","file553",0.0988666505907885
"554","file554",0.116678012253233
"555","file555",0.0711225364181662
"556","file556",0.0749921801689084
"557","file557",0.118146919607916
"558","file558",0.114381150130902
"559","file559",0.116484820346153
"560","file560",0.125080888697153
"561","file561",0.0927370948379352
"562","file562",0.0943341404358354
"563","file563",0.0910761878503814
"564","file564",0.0971582009398076
"565","file565",0.0858010873041254
"566","file566",0.0877115240812031
"567","file567",0.0981030418677742
"568","file568",0.0805840995132504
"569","file569",0.0864976187411507
"570","file570",0.0671924036372415
"571","file571",0.0974568735550418
"572","file572",0.0958062818038252
"573","file573",0.105390110399852
"574","file574",0.106170598911071
"575","file575",0.100793726690255
"576","file576",0.0951991068105694
"577","file577",0.096586560538803
"578","file578",0.1017578006204
"579","file579",0.0984312224985651
"580","file580",0.0898402279366682
"581","file581",0.0525088946141578
"582","file582",0.00510204081632653
"583","file583",0.0975737781406742
"584","file584",0.0883048842318743
"585","file585",0.102838709677419
"586","file586",0.105765430007341
"587","file587",0.108563475203282
"588","file588",0.10348808443968
"589","file589",0.108843963197096
"590","file590",0.089416593374377
"591","file591",0.0756104202595988
"592","file592",0.0982601818900751
"593","file593",0.099391146947507
"594","file594",0.0926470588235294
"595","file595",0.0860024774376217
"596","file596",0.0868539786710418
"597","file597",0.066664963205233
"598","file598",0.0769230769230769
"599","file599",0.106510219530659
"600","file600",0.108263253063919
"601","file601",0.0847165674913874
"602","file602",0.0973692653192172
"603","file603",0.0976580555698218
"604","file604",0.0763211491049416
"605","file605",0.0634571847116793
"606","file606",0.0782746629247758
"607","file607",0.0668496435106316
"608","file608",0.12743858877837
"609","file609",0.124129800134741
"610","file610",0.104101479915433
"611","file611",0.129646840148699
"612","file612",0.103805260212647
"613","file613",0.167559125390451
"614","file614",0.0743434343434344
"615","file615",0.0959288722508189
"616","file616",0.0840650265148222
"617","file617",0.0869526738500343
"618","file618",0.0896702557200538
"619","file619",0.08011634056055
"620","file620",0.0907245362268113
"621","file621",0.0785284439569561
"622","file622",0.0903692318440633
"623","file623",0.0853634692840105
"624","file624",0.0787676744453385
"625","file625",0.0831152715206777
"626","file626",0.080414276498178
"627","file627",0.0746797033041133
"628","file628",0.096429438911829
"629","file629",0.0851414795076767
"630","file630",0.0993360891895277
"631","file631",0.0830534745543787
"632","file632",0.0925127713920817
"633","file633",0.103001017293998
"634","file634",0.105155786350148
"635","file635",0.10197628458498
"636","file636",0.103780230100963
"637","file637",0.0999460722631674
"638","file638",0.0839041095890411
"639","file639",0.0807759754493643
"640","file640",0.0934470076897359
"641","file641",0.105377681069319
"642","file642",0.0921908893709328
"643","file643",0.105560905151661
"644","file644",0.0719458738326663
"645","file645",0.107500190941725
"646","file646",0.0829077801141484
"647","file647",0.0976779404341242
"648","file648",0.0953086419753086
"649","file649",0.0995107263831389
"650","file650",0.0841027362766493
"651","file651",0.120978704123244
"652","file652",0.105554588194324
"653","file653",0.0759591285907075
"654","file654",0.0968419352233261
"655","file655",0.0993589743589744
"656","file656",0.0947579490117445
"657","file657",0.0988291956463189
"658","file658",0.0887181892811071
"659","file659",0.0776176419517277
"660","file660",0.0887143633671346
"661","file661",0.0928724434402418
"662","file662",0.101103031293406
"663","file663",0.0932258729722299
"664","file664",0.275473507552146
"665","file665",0.102254336577694
"666","file666",0.0813920137671691
"667","file667",0.136070502851218
"668","file668",0.301383399209486
"669","file669",0.10696594797674
"670","file670",0.1068
"671","file671",0.11548353909465
"672","file672",0.0930335749149534
"673","file673",0.0980144973211472
"674","file674",0.0813980225339158
"675","file675",0.0974063400576369
"676","file676",0.0632822669470311
"677","file677",0.100103573278094
"678","file678",0.10273127753304
"679","file679",0.0991857883049593
"680","file680",0.0805808811486597
"681","file681",0.0788422684771884
"682","file682",0.0874181560785702
"683","file683",0.0814138351758051
"684","file684",0.0726557482337829
"685","file685",0.0892701048951049
"686","file686",0.0847314014573801
"687","file687",0.112371521684633
"688","file688",0.109193408499566
"689","file689",0.111271036315323
"690","file690",0.128780673387864
"691","file691",0.127590556857091
"692","file692",0.141241001028454
"693","file693",0.131417288284335
"694","file694",0.134053479723747
"695","file695",0.0724244070251675
"696","file696",0.0959588644264195
"697","file697",0.140737770649559
"698","file698",0.106485445205479
"699","file699",0.111853407138767
"700","file700",0.092133482027966
"701","file701",0.126430205949657
"702","file702",0.105454545454545
"703","file703",0.124686192468619
"704","file704",0.130428571428571
"705","file705",0.107255904553202
"706","file706",0.133160621761658
"707","file707",0.124114285714286
"708","file708",0.124010980138866
"709","file709",0.11990171990172
"710","file710",0.135335756648173
"711","file711",0.130757855822551
"712","file712",0.114509360877986
"713","file713",0.108122941822173
"714","file714",0.11690296737469
"715","file715",0.109348475092197
"716","file716",0.0847044765143855
"717","file717",0.100108438485804
"718","file718",0.0992638096631076
"719","file719",0.0854756908009794
"720","file720",0.086139683434315
"721","file721",0.100730422965857
"722","file722",0.14321682464455
"723","file723",0.0939251197920897
"724","file724",0.0838938211819568
"725","file725",0.0819586733807953
"726","file726",0.0715354511970534
"727","file727",0.0799107595578542
"728","file728",0.0615721508388884
"729","file729",0.0988382646578326
"730","file730",0.118066996155958
"731","file731",0.0924698795180723
"732","file732",0.0698919197117859
"733","file733",0.0828573664032548
"734","file734",0.0920468308437626
"735","file735",0.0887638693545867
"736","file736",0.0889211417513304
"737","file737",0.0840045216899816
"738","file738",0.0863944138806602
"739","file739",0.0855603770761634
"740","file740",0.0869293796332423
"741","file741",0.0843851424450054
"742","file742",0.0793446244477172
"743","file743",0.0919870933046518
"744","file744",0.0990642329020333
"745","file745",0.0865471013190526
"746","file746",0.0761471799971587
"747","file747",0.0631727806154755
"748","file748",0.0809238363892807
"749","file749",0.21341926288556
"750","file750",0.0801381215469613
"751","file751",0.0845125709014543
"752","file752",0.08512
"753","file753",0.0687912276192924
"754","file754",0.0711491220089164
"755","file755",0.0727311380923135
"756","file756",0.069803270917279
"757","file757",0.0696060420493978
"758","file758",0.0638407413763515
"759","file759",0.0882925154497597
"760","file760",0.0817043864997669
"761","file761",0.103349062032455
"762","file762",0.0776265453888716
"763","file763",0.113141025641026
"764","file764",0.0824073922106058
"765","file765",0.090232949761437
"766","file766",0.088733718813149
"767","file767",0.077661338159916
"768","file768",0.1145772932854
"769","file769",0.0859431900946832
"770","file770",0.0899423484780596
"771","file771",0.0986308834548055
"772","file772",0.0796915167095116
"773","file773",0.0894538606403013
"774","file774",0.0908433983689481
"775","file775",0.0885831381733021
"776","file776",0.0963632404181185
"777","file777",0.0839302797675992
"778","file778",0.0904613985908023
"779","file779",0.0851962580769602
"780","file780",0.0916406634915421
"781","file781",0.0824249009779523
"782","file782",0.0833654805453941
"783","file783",0.0837659049186554
"784","file784",0.089171618575713
"785","file785",0.0956899803458339
"786","file786",0.104011139906394
"787","file787",0.0787126203750634
"788","file788",0.0791902243297465
"789","file789",0.0899197712288506
"790","file790",0.0731367217457993
"791","file791",0.085500917663439
"792","file792",0.0826101656711372
"793","file793",0.0772856365943562
"794","file794",0.0829177281044814
"795","file795",0.08564132076829
"796","file796",0.0814610710753144
"797","file797",0.0787120869171571
"798","file798",0.0865541011540547
"799","file799",0.0684175678658133
"800","file800",0.0806877752149298
"801","file801",0.0844203363718064
"802","file802",0.0825299389922422
"803","file803",0.0784969025105967
"804","file804",0.0754979832680539
"805","file805",0.0862193217760339
"806","file806",0.0888553158597428
"807","file807",0.0925515481227752
"808","file808",0.0945145389589834
"809","file809",0.0959413704000713
"810","file810",0.0718061371593327
"811","file811",0.0959241952232606
"812","file812",0.084798762650886
"813","file813",0.0814754098360656
"814","file814",0.0872558347792019
"815","file815",0.0913264880207029
"816","file816",0.0927688172043011
"817","file817",0.099968714653575
"818","file818",0.0903589602530601
"819","file819",0.0758737170326101
"820","file820",0.0681835025568813
"821","file821",0.0833153231035228
"822","file822",0.0854530535693354
"823","file823",0.0951998162609095
"824","file824",0.0955631399317406
"825","file825",0.127224323945635
"826","file826",0.080672268907563
"827","file827",0.0921838483510776
"828","file828",0.0904830569574621
"829","file829",0.067939178259463
"830","file830",0.0995589161940769
"831","file831",0.111829165495926
"832","file832",0.102600250626566
"833","file833",0.0987768717568569
"834","file834",0.0658940087858678
"835","file835",0.0904209621993127
"836","file836",0.0882864958965432
"837","file837",0.0983806178006074
"838","file838",0.114867332035054
"839","file839",0.108356705570132
"840","file840",0.0959159859976663
"841","file841",0.102789416975937
"842","file842",0.101396444394594
"843","file843",0.0888536230224302
"844","file844",0.0995212899974805
"845","file845",0.101581066807499
"846","file846",0.115151867799372
"847","file847",0.0906284053759535
"848","file848",0.0906620073772083
"849","file849",0.128071226778529
"850","file850",0.111360518767926
"851","file851",0.0976393523668273
"852","file852",0.0731802257687816
"853","file853",0.0892152564664621
"854","file854",0.0871991146361708
"855","file855",0.0803173241852487
"856","file856",0.0911985444621333
"857","file857",0.0973305832062894
"858","file858",0.0855372574596446
"859","file859",0.089519056261343
"860","file860",0.0854583496796129
"861","file861",0.0748236167842555
"862","file862",0.0754606419688782
"863","file863",0.103282204864624
"864","file864",0.10331960529589
"865","file865",0.082926441983248
"866","file866",0.071884252079515
"867","file867",0.0880997355496789
"868","file868",0.0905101664824306
"869","file869",0.128541418270596
"870","file870",0.145331593308815
"871","file871",0.110114107883817
"872","file872",0.11622324464893
"873","file873",0.128497513437484
"874","file874",0.133881928713421
"875","file875",0.111703649748966
"876","file876",0.102059877820972
"877","file877",0.109086462027638
"878","file878",0.106646400442172
"879","file879",0.111739582130902
"880","file880",0.112354867520095
"881","file881",0.109999440016426
"882","file882",0.121634573494816
"883","file883",0.12268693079645
"884","file884",0.108939253517567
"885","file885",0.100992810681274
"886","file886",0.104823956093334
"887","file887",0.207729468599034
"888","file888",0.0848777127109886
"889","file889",0.106767439840153
"890","file890",0.10279502106719
"891","file891",0.138202492893068
"892","file892",0.129332983193277
"893","file893",0.116988981335732
"894","file894",0.116555308092056
"895","file895",0.121296472831268
"896","file896",0.120441458733205
"897","file897",0.100252177900046
"898","file898",0.102675495101417
"899","file899",0.0859359654291888
"900","file900",0.0938680970376691
"901","file901",0.0869269619269619
"902","file902",0.0420716282785248
"903","file903",0.0438283828382838
"904","file904",0.0773162939297125
"905","file905",0.0910224438902743
"906","file906",0.104288856304985
"907","file907",0.102143693670757
"908","file908",0.100362956445227
"909","file909",0.107638365254109
"910","file910",0.114311787072243
"911","file911",0.106089407446251
"912","file912",0.0963053662691652
"913","file913",0.105188115168798
"914","file914",0.076152579582876
"915","file915",0.0605798889574337
"916","file916",0.0865859129654554
"917","file917",0.0833158005470229
"918","file918",0.0858077174623937
"919","file919",0.0765537110714776
"920","file920",0.0981568039509657
"921","file921",0.105708787684413
"922","file922",0.0962035936516815
"923","file923",0.111007967819293
"924","file924",0.104787369493252
"925","file925",0.0942884671402003
"926","file926",0.0997743961780058
"927","file927",0.117666592871375
"928","file928",0.0912990196078431
"929","file929",0.0908433983689481
"930","file930",0.0885831381733021
"931","file931",0.0963632404181185
"932","file932",0.0915704387990762
"933","file933",0.0986771058315335
"934","file934",0.104053116638589
"935","file935",0.0924893953256259
"936","file936",0.0812200137080192
"937","file937",0.0915597569209993
"938","file938",0.096539883782356
"939","file939",0.0777065589604004
"940","file940",0.0956747059996014
"941","file941",0.0779893485080616
"942","file942",0.0728620296465222
"943","file943",0.096038950616183
"944","file944",0.0858218249245842
"945","file945",0.0720448133458723
"946","file946",0.117331994309147
"947","file947",0.130487371042334
"948","file948",0.0902453403473765
"949","file949",0.0683445792109947
"950","file950",0.100233918128655
"951","file951",0.0970128022759602
"952","file952",0.0892407340770061
"953","file953",0.0998323111202995
"954","file954",0.104906819292245
"955","file955",0.111206159110351
"956","file956",0.0796740121173127
"957","file957",0.0986582115614374
"958","file958",0.0946567392970546
"959","file959",0.10636401042381
"960","file960",0.102780166236744
"961","file961",0.0960762580359122
"962","file962",0.0855993482024646
"963","file963",0.0921514484953433
"964","file964",0.096101583731609
"965","file965",0.0955795071459095
"966","file966",0.100413357484557
"967","file967",0.104992483582562
"968","file968",0.0850225225225225
"969","file969",0.0739561650544876
"970","file970",0.0701786365293474
"971","file971",0.0737923164701407
"972","file972",0.0667177914110429
"973","file973",0.0771433053572829
"974","file974",0.0805084745762712
"975","file975",0.100181529385069
"976","file976",0.0957582184517497
"977","file977",0.103692905733722
"978","file978",0.0900281888653982
"979","file979",0.0906493094141927
"980","file980",0.111089283960318
"981","file981",0.0928119422359241
"982","file982",0.0962619105790374
"983","file983",0.0848082063136603
"984","file984",0.0860711661593366
"985","file985",0.090820523922927
"986","file986",0.0721633043616936
"987","file987",0.0754673701112513
"988","file988",0.0750805873925501
"989","file989",0.075750518694161
"990","file990",0.0951911220715166
"991","file991",0.134530727240711
"992","file992",0.101165737455651
"993","file993",0.0905374414198823
"994","file994",0.0906655235237381
"995","file995",0.0926644493717664
"996","file996",0.0902366863905325
"997","file997",0.102427995674826
"998","file998",0.0961743341404358
"999","file999",0.106578637113888
"1000","file1000",0.0826797625155758
"1001","file1001",0.107659971975712
"1002","file1002",0.104962240498976
"1003","file1003",0.0838943032251582
"1004","file1004",0.11764993880049
"1005","file1005",0.108105926045535
"1006","file1006",0.112511994882184
"1007","file1007",0.115276050138743
"1008","file1008",0.117765320844864
"1009","file1009",0.117401392111369
"1010","file1010",0.121197177755861
"1011","file1011",0.115932383867962
"1012","file1012",0.0904435378873362
"1013","file1013",0.089218422889044
"1014","file1014",0.110817679007424
"1015","file1015",0.121785431063782
"1016","file1016",0.105300859598854
"1017","file1017",0.0929855961817097
"1018","file1018",0.100304677698787
"1019","file1019",0.110091743119266
"1020","file1020",0.0976603635364681
"1021","file1021",0.0947196832974326
"1022","file1022",0.0943582047554284
"1023","file1023",0.104444444444444
"1024","file1024",0.108174309313586
"1025","file1025",0.100416760531651
"1026","file1026",0.0970411517968484
"1027","file1027",0.0950343370311675
"1028","file1028",0.0984843946564428
"1029","file1029",0.0948633534770452
"1030","file1030",0.0925348189415042
"1031","file1031",0.0893273305084746
"1032","file1032",0.0926478895972884
"1033","file1033",0.0895805004511431
"1034","file1034",0.0932134207733544
"1035","file1035",0.0939301065941903
"1036","file1036",0.0945544554455446
"1037","file1037",0.0984447262419812
"1038","file1038",0.0986222618693627
"1039","file1039",0.0932063627174549
"1040","file1040",0.113305169222006
"1041","file1041",0.109736398941472
"1042","file1042",0.120294995390697
"1043","file1043",0.0908590741177395
"1044","file1044",0.0944591029023747
"1045","file1045",0.121607927035244
"1046","file1046",0.100304214305281
"1047","file1047",0.10154575484782
"1048","file1048",0.102299367733074
"1049","file1049",0.0938847763115545
"1050","file1050",0.100080474065403
"1051","file1051",0.0806594575429888
"1052","file1052",0.103612690262241
"1053","file1053",0.140161725067385
"1054","file1054",0.0522032552600238
"1055","file1055",0.104335940466246
"1056","file1056",0.0737040373433789
"1057","file1057",0.0803068327098821
"1058","file1058",0.0838806454228493
"1059","file1059",0.0833967322392494
"1060","file1060",0.0877825666285513
"1061","file1061",0.0885198555956679
"1062","file1062",0.0823943661971831
"1063","file1063",0.0706066464144343
"1064","file1064",0.0848189303701335
"1065","file1065",0.0843754708452614
"1066","file1066",0.0965042979942693
"1067","file1067",0.0777556606120926
"1068","file1068",0.0899801897612345
"1069","file1069",0.076721426074799
"1070","file1070",0.100909546659027
"1071","file1071",0.0891299869532377
"1072","file1072",0.118525896414343
"1073","file1073",0.116716306775875
"1074","file1074",0.112097476066144
"1075","file1075",0.109496124031008
"1076","file1076",0.111758023288838
"1077","file1077",0.0970959875859011
"1078","file1078",0.0678790441953901
"1079","file1079",0.0904872389791183
"1080","file1080",0.0978389487450956
"1081","file1081",0.091995841995842
"1082","file1082",0.0948688122011115
"1083","file1083",0.0943827563683867
"1084","file1084",0.100836153693012
"1085","file1085",0.0790436691876067
"1086","file1086",0.0717966678340922
"1087","file1087",0.112470487229019
"1088","file1088",0.124367317425886
"1089","file1089",0.115073787772312
"1090","file1090",0.0908171745152355
"1091","file1091",0.0817720530835285
"1092","file1092",0.102433641002121
"1093","file1093",0.0927128853194756
"1094","file1094",0.0865227962002156
"1095","file1095",0.0860524740509832
"1096","file1096",0.100254885301614
"1097","file1097",0.110018120631633
"1098","file1098",0.0897557192710353
"1099","file1099",0.0847268194128014
"1100","file1100",0.0849687491962242
"1101","file1101",0.0897463533807573
"1102","file1102",0.10206760748277
"1103","file1103",0.0855858877188276
"1104","file1104",0.0824735493198396
"1105","file1105",0.0675554760200429
"1106","file1106",0.07251997570207
"1107","file1107",0.0776743244610869
"1108","file1108",0.0843767262014362
"1109","file1109",0.0795636363636364
"1110","file1110",0.0832423737576837
"1111","file1111",0.124127780200611
"1112","file1112",0.0874642711310739
"1113","file1113",0.116854565952649
"1114","file1114",0.101537631507958
"1115","file1115",0.116993142830396
"1116","file1116",0.0855993872079663
"1117","file1117",0.0955488962455089
"1118","file1118",0.0916393028542561
"1119","file1119",0.0991908482142857
"1120","file1120",0.0920946874432835
"1121","file1121",0.0906975405589863
"1122","file1122",0.0965441338322694
"1123","file1123",0.0924968727135406
"1124","file1124",0.0928686108648247
"1125","file1125",0.0888777149584861
"1126","file1126",0.100805336120247
"1127","file1127",0.0925837283634174
"1128","file1128",0.0779016580903373
"1129","file1129",0.0945023176992474
"1130","file1130",0.0902986667701682
"1131","file1131",0.0747550889614551
"1132","file1132",0.102885051642691
"1133","file1133",0.113867613867614
"1134","file1134",0.101994946322123
"1135","file1135",0.0995945524482794
"1136","file1136",0.0944830556816727
"1137","file1137",0.0865497076023392
"1138","file1138",0.0922318874086062
"1139","file1139",0.0939589817253212
"1140","file1140",0.0827629122588674
"1141","file1141",0.0963822039265358
"1142","file1142",0.107257949522316
"1143","file1143",0.097001806140879
"1144","file1144",0.089379100503946
"1145","file1145",0.104033114766109
"1146","file1146",0.10627187378479
"1147","file1147",0.101757961783439
"1148","file1148",0.112559241706161
"1149","file1149",0.0938172383242628
"1150","file1150",0.0984874558463907
"1151","file1151",0.0962143587961622
"1152","file1152",0.0929467901680099
"1153","file1153",0.102213809562999
"1154","file1154",0.101172632692647
"1155","file1155",0.0851635376077459
"1156","file1156",0.100187106650791
"1157","file1157",0.138794567062818
"1158","file1158",0.0922534873687743
"1159","file1159",0.0951025056947608
"1160","file1160",0.108368313628837
"1161","file1161",0.127626307045832
"1162","file1162",0.115924836291164
"1163","file1163",0.113855573261763
"1164","file1164",0.127194419736904
"1165","file1165",0.10270858679644
"1166","file1166",0.105765175356065
"1167","file1167",0.0727087009007336
"1168","file1168",0.097147612922751
"1169","file1169",0.0627992114897212
"1170","file1170",0.0673684210526316
"1171","file1171",0.0806589037205339
"1172","file1172",0.068441361032077
"1173","file1173",0.0747770872737098
"1174","file1174",0.0975911751463305
"1175","file1175",0.109784735812133
"1176","file1176",0.0743279673419086
"1177","file1177",0.0764902784701944
"1178","file1178",0.0925447797321284
"1179","file1179",0.0667524667524668
"1180","file1180",0.0744509043927649
"1181","file1181",0.0977722772277228
"1182","file1182",0.0853826311263973
"1183","file1183",0.0865674409978207
"1184","file1184",0.0950173269645031
"1185","file1185",0.0869973287127283
"1186","file1186",0.0823685081045319
"1187","file1187",0.0785821200163287
"1188","file1188",0.0687782446681995
"1189","file1189",0.0973369695997433
"1190","file1190",0.093869010253191
"1191","file1191",0.0707598644535064
"1192","file1192",0.0932659932659933
"1193","file1193",0.0852527404251542
"1194","file1194",0.0858556064800109
"1195","file1195",0.0865058008734395
"1196","file1196",0.0996617540468712
"1197","file1197",0.0983644550390677
"1198","file1198",0.0725665648188564
"1199","file1199",0.105699681743659
"1200","file1200",0.087393021724819
"1201","file1201",0.109456928838951
"1202","file1202",0.0822172949002217
"1203","file1203",0.110990795885219
"1204","file1204",0.0824024181889867
"1205","file1205",0.0882079851439183
"1206","file1206",0.0888617555284222
"1207","file1207",0.100507815076172
"1208","file1208",0.0847185941581572
"1209","file1209",0.10917601707166
"1210","file1210",0.0742049469964664
"1211","file1211",0.103533278553821
"1212","file1212",0.0952680067001675
"1213","file1213",0.0935960591133005
"1214","file1214",0.149512716900404
"1215","file1215",0.107401713156161
"1216","file1216",0.106402494955054
"1217","file1217",0.0884062404405017
"1218","file1218",0.11357922779633
"1219","file1219",0.103042089179053
"1220","file1220",0.0852362925876175
"1221","file1221",0.102036147334706
"1222","file1222",0.106597191557008
"1223","file1223",0.0864130886139025
"1224","file1224",0.0875959079283887
"1225","file1225",0.104146941867071
"1226","file1226",0.109237794169301
"1227","file1227",0.0857624368016978
"1228","file1228",0.0750825082508251
"1229","file1229",0.0924396956451352
"1230","file1230",0.089553241518307
"1231","file1231",0.0902684971449399
"1232","file1232",0.0818196784283598
"1233","file1233",0.0914002518584718
"1234","file1234",0.0766211377801353
"1235","file1235",0.0861784789263009
"1236","file1236",0.0912135225641843
"1237","file1237",0.0974550898203593
"1238","file1238",0.0891511095456147
"1239","file1239",0.0847608024691358
"1240","file1240",0.0936654689329404
"1241","file1241",0.0932553885309791
"1242","file1242",0.0849560783831931
"1243","file1243",0.0831734458940906
"1244","file1244",0.0840292813692133
"1245","file1245",0.0809394760614273
"1246","file1246",0.0770593445527015
"1247","file1247",0.0914669652855543
"1248","file1248",0.0968530400244424
"1249","file1249",0.10855623338026
"1250","file1250",0.121418338108883
"1251","file1251",0.126741149158445
"1252","file1252",0.104650195491224
"1253","file1253",0.0921828668252468
"1254","file1254",0.10454315149468
"1255","file1255",0.105031604154484
"1256","file1256",0.0955316642858933
"1257","file1257",0.14739425436697
"1258","file1258",0.122892384293312
"1259","file1259",0.0919884266187768
"1260","file1260",0.0864652985934978
"1261","file1261",0.0765109177853316
"1262","file1262",0.0840810260362195
"1263","file1263",0.0810384321710359
"1264","file1264",0.0950346124262884
"1265","file1265",0.0832295445930579
"1266","file1266",0.082961038961039
"1267","file1267",0.0858278624344998
"1268","file1268",0.0806434654610451
"1269","file1269",0.0864741716606409
"1270","file1270",0.0803542144965562
"1271","file1271",0.0815905743740795
"1272","file1272",0.0859114177609615
"1273","file1273",0.0673616013954068
"1274","file1274",0.0720656838962493
"1275","file1275",0.0684493532916727
"1276","file1276",0.0840073404472235
"1277","file1277",0.0901003758146615
"1278","file1278",0.089937106918239
"1279","file1279",0.105442026746701
"1280","file1280",0.0960191846522782
"1281","file1281",0.089292553482519
"1282","file1282",0.0947045280122794
"1283","file1283",0.0879129967332424
"1284","file1284",0.0876829477518377
"1285","file1285",0.0689233990577561
"1286","file1286",0.0919765848219471
"1287","file1287",0.0925576940900244
"1288","file1288",0.0901489814533293
"1289","file1289",0.097683155917345
"1290","file1290",0.0938788777603966
"1291","file1291",0.0991882332777613
"1292","file1292",0.0946985986505524
"1293","file1293",0.107138380546503
"1294","file1294",0.0969731820795651
"1295","file1295",0.102065249925172
"1296","file1296",0.119674341940962
"1297","file1297",0.142371629109716
"1298","file1298",0.246869686195703
"1299","file1299",0.126368710323378
"1300","file1300",0.166447656592203
"1301","file1301",0.138003584508689
"1302","file1302",0.150699677072121
"1303","file1303",0.196809342578593
"1304","file1304",0.168817661797381
"1305","file1305",0.148280305282981
"1306","file1306",0.172616547669047
"1307","file1307",0.186039132734003
"1308","file1308",0.135874125874126
"1309","file1309",0.162227278811404
"1310","file1310",0.177410234662143
"1311","file1311",0.0865261813537676
"1312","file1312",0.0859693039014893
"1313","file1313",0.0901067523281093
"1314","file1314",0.092853387931273
"1315","file1315",0.0963371944104505
"1316","file1316",0.101380906173024
"1317","file1317",0.100054056710403
"1318","file1318",0.0904259679226208
"1319","file1319",0.0943627261031976
"1320","file1320",0.0956982030468423
"1321","file1321",0.079019412643106
"1322","file1322",0.0804517810599479
"1323","file1323",0.0880006717608531
"1324","file1324",0.0883614315291334
"1325","file1325",0.0988442822384428
"1326","file1326",0.10234215885947
"1327","file1327",0.0856582484904579
"1328","file1328",0.0802999678875687
"1329","file1329",0.0858844133099825
"1330","file1330",0.0910521881789562
"1331","file1331",0.0978458344147418
"1332","file1332",0.09551137528182
"1333","file1333",0.0873992073254066
"1334","file1334",0.120092926227954
"1335","file1335",0.0879680998613037
"1336","file1336",0.0928519490373368
"1337","file1337",0.0987631254437428
"1338","file1338",0.0942650820893106
"1339","file1339",0.105479563588992
"1340","file1340",0.108658028906871
"1341","file1341",0.120306674368534
"1342","file1342",0.123344984641457
"1343","file1343",0.125665885361176
"1344","file1344",0.120252851992691
"1345","file1345",0.0932551590415955
"1346","file1346",0.0860444322167962
"1347","file1347",0.112414396036719
"1348","file1348",0.1041035057005
"1349","file1349",0.119363395225464
"1350","file1350",0.114169215086646
"1351","file1351",0.106981016533987
"1352","file1352",0.105232337845751
"1353","file1353",0.0855793991416309
"1354","file1354",0.0832102776137035
"1355","file1355",0.120392198885555
"1356","file1356",0.108858034657195
"1357","file1357",0.111764423538447
"1358","file1358",0.106004796984752
"1359","file1359",0.101253323205469
"1360","file1360",0.0997618124411455
"1361","file1361",0.118200836820084
"1362","file1362",0.113446421183285
"1363","file1363",0.112223811794627
"1364","file1364",0.113592304483326
"1365","file1365",0.102310301885172
"1366","file1366",0.105659804764554
"1367","file1367",0.0695658708885493
"1368","file1368",0.0855578208714618
"1369","file1369",0.0851012641616727
"1370","file1370",0.0790899533655013
"1371","file1371",0.07792436235708
"1372","file1372",0.0898039039980883
"1373","file1373",0.0957581031107244
"1374","file1374",0.0938389966921975
"1375","file1375",0.0902881568721229
"1376","file1376",0.0998683590385334
"1377","file1377",0.0964522061713064
"1378","file1378",0.0828981071820631
"1379","file1379",0.0903265981679039
"1380","file1380",0.108283703302653
"1381","file1381",0.0972222222222222
"1382","file1382",0.0891690509340718
"1383","file1383",0.109530885162386
"1384","file1384",0.083990038549449
"1385","file1385",0.0884864756790723
"1386","file1386",0.0881384466836672
"1387","file1387",0.08737019518295
"1388","file1388",0.0936074229763675
"1389","file1389",0.0797621690967853
"1390","file1390",0.119762229584876
"1391","file1391",0.137449687419714
"1392","file1392",0.108482450103235
"1393","file1393",0.115392214977277
"1394","file1394",0.0931982725771625
"1395","file1395",0.0766459660725327
"1396","file1396",0.0881185631750816
"1397","file1397",0.0984355217941762
"1398","file1398",0.0687203791469194
"1399","file1399",0.078309462078687
"1400","file1400",0.0928994798596831
"1401","file1401",0.0805575771147064
"1402","file1402",0.0744820616472966
"1403","file1403",0.0669638622782889
"1404","file1404",0.074577861163227
"1405","file1405",0.100944060044564
"1406","file1406",0.0932121446528718
"1407","file1407",0.102358189929892
"1408","file1408",0.106153576437588
"1409","file1409",0.0991777143816076
"1410","file1410",0.102302009963924
"1411","file1411",0.0934157875591124
"1412","file1412",0.0805236017453392
"1413","file1413",0.0835936523803574
"1414","file1414",0.113327233912778
"1415","file1415",0.106824925816024
"1416","file1416",0.100498571508599
"1417","file1417",0.0791285967543979
"1418","file1418",0.0820122412786297
"1419","file1419",0.094287753429727
"1420","file1420",0.0843954843408594
"1421","file1421",0.0967532100231914
"1422","file1422",0.0986634428101283
"1423","file1423",0.104220450155853
"1424","file1424",0.0802487562189055
"1425","file1425",0.136507309363888
"1426","file1426",0.0984855655466162
"1427","file1427",0.127362542955326
"1428","file1428",0.100751106080873
"1429","file1429",0.071374889952975
"1430","file1430",0.102109110122848
"1431","file1431",0.103265883510671
